location_id,latitude,longitude,elevation,utc_offset_seconds,timezone,timezone_abbreviation
0,27.100174,93.70411,226.0,19800,Asia/Kolkata,GMT+5:30
1,28.01406,95.282166,184.0,19800,Asia/Kolkata,GMT+5:30
2,27.592266,91.81614,2972.0,19800,Asia/Kolkata,GMT+5:30
3,26.18629,91.677635,80.0,19800,Asia/Kolkata,GMT+5:30
4,27.451668,94.932884,107.0,19800,Asia/Kolkata,GMT+5:30
5,24.780315,92.80042,22.0,19800,Asia/Kolkata,GMT+5:30
6,25.553602,91.9544,1483.0,19800,Asia/Kolkata,GMT+5:30
7,25.694199,91.95865,922.0,19800,Asia/Kolkata,GMT+5:30
8,25.694199,94.11317,1438.0,19800,Asia/Kolkata,GMT+5:30
9,25.905096,93.73362,154.0,19800,Asia/Kolkata,GMT+5:30
10,24.780315,93.95922,780.0,19800,Asia/Kolkata,GMT+5:30
11,24.780315,93.669525,752.0,19800,Asia/Kolkata,GMT+5:30
12,23.725834,92.75607,1025.0,19800,Asia/Kolkata,GMT+5:30
13,22.882248,92.81544,1111.0,19800,Asia/Kolkata,GMT+5:30
14,23.86643,91.333336,13.0,19800,Asia/Kolkata,GMT+5:30
15,27.38137,88.59218,1657.0,19800,Asia/Kolkata,GMT+5:30
